,meeting_name
0,FOMC-Transcript-19770315
1,Bmr019
2,"January 21, 2012 - Institutional Advancement Committee.pdf"
3,transcripts_20110519_auburn.pdf
4,Bed012
5,IS1008b
6,ES2012d
7,ES2012b
8,ES2009a
9,TS3004a
10,10_31_2008_OPS___REGS_OPEN_SESSION_TRANSCRIPT.pdf
11,101105bodtm.pdf
12,ES2004a
13,12-18-06BoardMeetingOPEN.pdf
14,ES2002a
15,meetingtranscript564.pdf
16,TS3006c
17,Oct__19__2010___Finance_Committee_Meeting.pdf
18,Bmr010
19,FOMC-Transcript-19780117
20,Buw001
21,TS3003a
22,Bmr020
23,07_28_2007FINANCECOMMITTEEOPEN.pdf
24,IS1000b
25,08_18_2008BOARDTELEPHONEMEETINGOPENSESSIONTRANSCRIPT.pdf
26,ES2016a
27,ES2004c
28,FOMC-Transcript-19781121
29,Bmr023
30,IS1001c
31,ES2010b
32,FOMC-Transcript-20000516
33,Bed011
34,Bmr028
35,05053103.pdf
36,FOMC-Transcript-19971216
37,ES2015c
38,FOMC-Transcript-19770920
39,TS3005d
40,FOMC-Transcript-19770215
41,TS3003d
42,Bro024
43,Bmr021
44,ES2009b
45,transcripts_20110728_sacto.pdf
46,meetingtranscript575.pdf
47,FOMC-Transcript-19771220
48,Bmr018
49,FOMC-Transcript-19940706
50,04-29-06BOARDOPEN-PART20F2.pdf
51,ES2010a
52,ES2016d
53,FOMC-Transcript-19780418
54,IS1000c
55,ES2003c
56,FOMC-Transcript-20030129
57,Bmr031
58,TS3005a
59,FOMC-Transcript-19830823
60,FOMC-Transcript-20020626
61,September_8__2009_Teleconference_BOD_Meeting.pdf
62,05_27_2008BOARDTELEPHONEMEETINGOPENSESSIONTRANSCRIPT.pdf
63,ES2013c
64,meetingtranscript585.pdf
65,ES2012c
66,transcripts_20110501_lancaster.pdf
67,2009_04_24_LSC_Finance.pdf
68,Bro023
69,"January 20, 2012 - Finance Committee Meeting.pdf"
70,IB4003
71,10_27_07OpsRegsMeetingOpen.pdf
72,Bro008
73,Bns002
74,Bro016
75,Btr001
76,09_17_07FINANCEMeetingOpen.pdf
77,Bmr029
78,IS1009c
79,TS3011a
80,IS1002b
81,08_02_2008BOARDOPENSESSIONTRANSCRIPT.pdf
82,meeting-transcript594.pdf
83,Oct__19__2010_Board_of_Directors_Meeting.pdf
84,IS1004b
85,Bmr011
86,IS1002c
87,Bro005
88,FOMC-Transcript-19790522
89,transcripts_20110724_sacto.pdf
90,IS1003d
91,IS1006c
92,IS1005b
93,meeting-transcript595.pdf
94,FOMC-Transcript-20011211
95,ES2005d
96,ES2009d
97,ES2014c
98,TS3007b
99,meetingtranscript582.pdf
100,FOMC-Transcript-19771018
101,FOMC-Transcript-19780228
102,11_01_2008_FINANCE_COMMITTEE_OPEN_SESSION_TRANSCRIPT.pdf
103,IB4005
104,08_01_2008OPS_REGSOPENSESSIONTRANSCRIPT.pdf
105,ES2004d
106,FOMC-Transcript-19770419
107,IS1007b
108,Jan282016DLS_0.pdf
109,meetingtranscript574.pdf
110,IS1001d
111,FOMC-Transcript-20031209
112,TS3008c
113,Bns003
114,meetingtranscript560.pdf
115,transcripts_20110815_sacto.pdf
116,IS1007d
117,IB4010
118,meetingtranscript569.pdf
119,ES2016c
120,FOMC-Transcript-19830524
121,05020403.pdf
122,IS1006d
123,05020402.pdf
124,TS3010b
125,TS3012b
126,Bmr015
127,FOMC-Transcript-19931116
128,IS1006b
129,11_01_2008_GOV___PERF_REVIEW_COMMITTEE_OPEN_SESSION_TRANSCRIPT.pdf
130,112805bodopen.pdf
131,meetingtranscript584.pdf
132,July162015FinCom.pdf
133,12_11_2__8_Joint_Telephonic_Meeting_Audit___Ad_Hoc_Committe.pdf
134,"May 21, 2012 - Board of Directors Meeting.pdf"
135,Bdb001
136,TS3011d
137,Bro017
138,Bed005
139,TS3005b
140,TS3003b
141,ES2008d
142,ES2014d
143,meetingtranscript573.pdf
144,102805fincomopen.pdf
145,TS3007c
146,"April 13, 2015 Delivery of Legal Services Committee.pdf"
147,ES2014a
148,Bro027
149,FOMC-Transcript-19790417
150,"April 13, 2015 Audit Committee.pdf"
151,meetingtranscript577.pdf
152,Bed003
153,ES2011c
154,meetingtranscript572.pdf
155,07-28-06-PROVISIONS-OPEN.pdf
156,IB4004
157,TS3006b
158,05020501.pdf
159,07_28_2007OpsRegs_OPEN.pdf
160,Bmr024
161,TS3010a
162,TS3009c
163,Bmr022
164,Bro019
165,Bro004
166,meetingtranscript579.pdf
167,IS1004d
168,Bed008
169,transcripts_20110506_sana.pdf
170,ES2004b
171,Bed014
172,IS1007a
173,meetingtranscript586.pdf
174,IS1001b
175,FOMC-Transcript-19780516
176,ES2002c
177,ES2014b
178,10-28-06PerformanceReviewsCommitteeOPENsession.pdf
179,FOMC-Transcript-19971112
180,IS1009d
181,January_28__2011___Finance_Committee_Meeting.pdf
182,ES2012a
183,ES2015b
184,Bmr027
185,07-29-06-FINANCE-OPEN.pdf
186,FOMC-Transcript-19990203
187,FOMC-Transcript-19910514
188,IS1005c
189,FOMC-Transcript-19821221
190,Bmr030
191,TS3012c
192,transcripts_20110723_sacto.pdf
193,IS1007c
194,meetingtranscript566.pdf
195,Bmr005
196,Bro025
197,ES2008b
198,TS3006d
199,10_26_07PROVISIONSMEETINGOpen.pdf
200,ES2013d
201,Bed016
202,ES2007b
203,08_01_2008PROVISIONSOPENSESSIONTRANSCRIPT.pdf
204,Bro007
205,2009_04_25_LSC_Board_Open__2_.pdf
206,Bro018
207,"October 6, 2014 - Governance & Performance Review Committee Meeting.pdf"
208,FOMC-Transcript-19960924
209,FOMC-Transcript-19770517
210,11_27_07BOARDMEETINGTRANSCRIPTOpen.pdf
211,ES2011b
212,IS1008d
213,SARTeleconTranscript11-27-2006.pdf
214,meetingtranscript570.pdf
215,Bro022
216,ES2006b
217,AuditCommJuly202017.pdf
218,Bmr012
219,"April 13, 2015 Governance and Performance Review.pdf"
220,ES2002d
221,IS1002d
222,2016July14FinTeleMeeting.pdf
223,Bed017
224,IS1009b
225,ES2015a
226,10_26_07BOARDMEETINGOpen.pdf
227,TS3007d
228,ES2009c
229,Bmr003
230,meetingtranscript568.pdf
231,05053102.pdf
232,IS1003b
233,IS1004c
234,IS1001a
235,ES2011a
236,07_27_2007BOARD_OPEN.pdf
237,ES2003b
238,TS3009a
239,ES2005c
240,ES2005b
241,04-28-2007OPSREGSOPENDAY2OF2.pdf
242,10-27-06ProvisionsOpenSession.pdf
243,meetingtranscript571.pdf
244,ES2008a
245,TS3011b
246,meeting-transcript593.pdf
247,FOMC-Transcript-19960326
248,FOMC-Transcript-20040630
249,FOMC-Transcript-19780718
250,TS3010c
251,ES2002b
252,05053104.pdf
253,IB4001
254,TS3003c
255,meetingtranscript581.pdf
256,IS1008c
257,FOMC-Transcript-19850326
258,"April 13, 2015 Institutional Advancment Committee.pdf"
259,ES2007c
260,08_02_2008AUDITOPENSESSIONTRANSCRIPTDAY2of2.pdf
261,transcripts_20110505_norco.pdf
262,Bmr008
263,Bed009
264,ES2016b
265,transcripts_20110729_sacto.pdf
266,Bmr009
267,ES2008c
268,Bmr025
269,FOMC-Transcript-19880920
270,IB4002
271,Bmr002
272,ES2013b
273,102805provopen.pdf
274,Bmr007
275,FOMC-Transcript-19770118
276,09-22-06BoardOpenSession.pdf
277,Bro003
278,TS3004c
279,FOMC-Transcript-19780620
280,meetingtranscript561.pdf
281,ES2003a
282,10-28-06BoardTranscriptOpenSessionaa.pdf
283,FOMC-Transcript-19930817
284,Bmr016
285,072805fincom.open.pdf
286,Bro021
287,07_28_2007BOARDOFDIRECTORS_Open.pdf
288,Bmr013
289,ES2013a
290,09_11_07OPSREGSMeetingOpen.pdf
291,meetingtranscript583.pdf
292,FOMC-Transcript-19771115
